Ramadhan,Date,Sehri End,Fajr Jamat,Sun Rise,Zawal,Zuhr Start,Asr Start,Maghrib/Iftar,Isha Start,Taraweeh
1 (Wed),18-Feb,05:41,10 min after,07:18,12:17,12:25,03:34,05:29,06:53,07:30
2 (Thur),19-Feb,05:39,10 min after,07:16,12:17,12:25,03:36,05:31,06:55,07:30
3 (Fri),20-Feb,05:37,10 min after,07:14,12:17,12:25,03:37,05:33,06:57,07:30
4 (Sat),21-Feb,05:35,10 min after,07:12,12:17,12:25,03:39,05:35,06:59,07:30
5 (Sun),22-Feb,05:33,10 min after,07:09,12:17,12:25,03:41,05:37,07:01,07:30
6 (Mon),23-Feb,05:31,10 min after,07:07,12:17,12:25,03:42,05:39,07:03,07:30
7 (Tue),24-Feb,05:29,10 min after,07:05,12:17,12:25,03:44,05:41,07:05,07:30
8 (Wed),25-Feb,05:27,10 min after,07:03,12:16,12:24,03:46,05:43,07:05,07:30
9 (Thur),26-Feb,05:25,10 min after,07:01,12:16,12:24,03:47,05:45,07:06,07:30
10 (Fri),27-Feb,05:23,10 min after,06:59,12:16,12:24,03:49,05:47,07:08,07:45
11 (Sat),28-Feb,05:21,10 min after,06:58,12:16,12:24,03:51,05:48,07:10,07:45
12 (Sun),01-Mar,05:19,10 min after,06:55,12:18,12:23,03:53,05:49,07:13,07:45
13 (Mon),02-Mar,05:17,10 min after,06:53,12:18,12:23,03:54,05:50,07:15,07:45
14 (Tues),03-Mar,05:15,10 min after,06:50,12:17,12:22,03:55,05:52,07:17,07:45
15 (Wed),04-Mar,05:13,10 min after,06:48,12:17,12:22,03:56,05:54,07:19,07:45
16 (Thu),05-Mar,05:11,10 min after,06:46,12:17,12:22,03:57,05:56,07:20,07:45
17 (Fri),06-Mar,05:08,10 min after,06:44,12:17,12:22,03:58,05:58,07:22,08:00
18 (Sat),07-Mar,05:06,10 min after,06:41,12:17,12:22,03:59,06:00,07:23,08:00
19 (Sun),08-Mar,05:04,10 min after,06:39,12:16,12:21,04:01,06:01,07:24,08:00
20 (Mon),09-Mar,05:02,10 min after,06:37,12:16,12:21,04:03,06:03,07:26,08:00
21 (Tue),10-Mar,04:59,10 min after,06:34,12:16,12:21,04:05,06:05,07:27,08:00
22 (Wed),11-Mar,04:57,10 min after,06:32,12:16,12:21,04:06,06:07,07:29,08:00
23 (Thur),12-Mar,04:55,10 min after,06:30,12:15,12:20,04:08,06:09,07:31,08:00
24 (Fri),13-Mar,04:53,10 min after,06:27,12:15,12:20,04:11,06:10,07:32,08:00
25 (Sat),14-Mar,04:50,10 min after,06:25,12:15,12:20,04:12,06:12,07:34,08:00
26 (Sun),15-Mar,04:48,10 min after,06:23,12:15,12:20,04:14,06:14,07:35,08:00
27 (Mon),16-Mar,04:45,10 min after,06:20,12:15,12:20,04:15,06:16,07:37,08:00
28 (Tue),17-Mar,04:43,10 min after,06:18,12:15,12:20,04:17,06:17,07:38,08:00
29 (Wed),18-Mar,04:41,10 min after,06:16,12:15,12:20,04:18,06:19,07:40,08:00
30 (Thu),19-Mar,04:38,10 min after,06:13,12:15,12:20,04:20,06:21,07:42,08:00
